﻿<?xml version="1.0" encoding="utf-8"?>
<contentitemdata.dancinggoat.productpage>
  <ContentItemDataCommonDataID>
    <GUID>2c9e8b1a-04b1-4936-b5cd-37df80c1bf38</GUID>
    <ObjectType>cms.contentitemcommondata</ObjectType>
    <Parent>
      <CodeName>BrazilNaturalBarraGrande-7vzj9pmx</CodeName>
      <GUID>fef588ea-b469-4ccd-a4a4-9ca418ca5c50</GUID>
      <ObjectType>cms.contentitem</ObjectType>
    </Parent>
  </ContentItemDataCommonDataID>
  <ContentItemDataGUID>39f7ed5e-aa0c-4479-bee7-208e8f7d6c18</ContentItemDataGUID>
  <ProductPageProduct>
    <![CDATA[[{"Identifier":"e4221260-983d-41b3-9589-06ea73c2bfb1"}]]]>
  </ProductPageProduct>
</contentitemdata.dancinggoat.productpage>