﻿<?xml version="1.0" encoding="utf-8"?>
<contentitemdata.dancinggoat.navigationitem>
  <ContentItemDataCommonDataID>
    <GUID>f7732f25-2cdc-4a90-b9d4-acad7235c373</GUID>
    <ObjectType>cms.contentitemcommondata</ObjectType>
    <Parent>
      <CodeName>Brewers-2b0azsbq</CodeName>
      <GUID>9e54f0f7-0210-4697-a012-e6828424ee66</GUID>
      <ObjectType>cms.contentitem</ObjectType>
    </Parent>
  </ContentItemDataCommonDataID>
  <ContentItemDataGUID>e9c33470-a773-4637-af17-f991c19e9e49</ContentItemDataGUID>
  <NavigationItemLink>
    <![CDATA[[{"WebPageGuid":"c473a72c-60ad-484d-94da-dc64b16b2b65"}]]]>
  </NavigationItemLink>
  <NavigationItemName>Brewers</NavigationItemName>
</contentitemdata.dancinggoat.navigationitem>