﻿<?xml version="1.0" encoding="utf-8"?>
<contentitemdata.dancinggoat.productpage>
  <ContentItemDataCommonDataID>
    <GUID>0c05e955-9ee5-4da9-b9cd-d85943a0e7fe</GUID>
    <ObjectType>cms.contentitemcommondata</ObjectType>
    <Parent>
      <CodeName>PaperFiltersForChemex-48kfec4u</CodeName>
      <GUID>7bbb0551-8c94-4216-857a-598d939c9861</GUID>
      <ObjectType>cms.contentitem</ObjectType>
    </Parent>
  </ContentItemDataCommonDataID>
  <ContentItemDataGUID>28739340-820c-4eaf-ad84-ff23f7bca434</ContentItemDataGUID>
  <ProductPageProduct>
    <![CDATA[[{"Identifier":"c6e51fe4-74f6-41db-92fd-3e3b36141e6b"}]]]>
  </ProductPageProduct>
</contentitemdata.dancinggoat.productpage>