﻿<?xml version="1.0" encoding="utf-8"?>
<contentitemdata.dancinggoat.productpage>
  <ContentItemDataCommonDataID>
    <GUID>502f3c6d-37f4-41ce-829e-a9c7b93d804a</GUID>
    <ObjectType>cms.contentitemcommondata</ObjectType>
    <Parent>
      <CodeName>HarioBuonoKettle-4ut9cvdb</CodeName>
      <GUID>28b00c71-d14d-4553-9935-926748829d76</GUID>
      <ObjectType>cms.contentitem</ObjectType>
    </Parent>
  </ContentItemDataCommonDataID>
  <ContentItemDataGUID>f322cfef-dcaa-4dc1-b9af-ab4eff45dad4</ContentItemDataGUID>
  <ProductPageProduct>
    <![CDATA[[{"Identifier":"5d5e747b-9a4d-4816-9ea3-b0806aaec1d0"}]]]>
  </ProductPageProduct>
</contentitemdata.dancinggoat.productpage>