﻿<?xml version="1.0" encoding="utf-8"?>
<contentitemdata.dancinggoat.productpage>
  <ContentItemDataCommonDataID>
    <GUID>0fb553a2-490f-4ab5-9571-7de5d104af54</GUID>
    <ObjectType>cms.contentitemcommondata</ObjectType>
    <Parent>
      <CodeName>GuatemalaFincaElInjerto-r9zad275</CodeName>
      <GUID>5bd9ae1f-73ec-4af4-95da-2ee135ce64e7</GUID>
      <ObjectType>cms.contentitem</ObjectType>
    </Parent>
  </ContentItemDataCommonDataID>
  <ContentItemDataGUID>dcd641b4-029f-41e8-b31e-fb441308ff18</ContentItemDataGUID>
  <ProductPageProduct>
    <![CDATA[[{"Identifier":"afcda734-fd14-4b2b-8d79-b4ab0178dafe"}]]]>
  </ProductPageProduct>
</contentitemdata.dancinggoat.productpage>