﻿<?xml version="1.0" encoding="utf-8"?>
<contentitemdata.dancinggoat.articlepage>
  <ArticlePagePublishDate>2023-09-08 22:00:00Z</ArticlePagePublishDate>
  <ArticlePageSummary>
    <![CDATA[Descubre técnicas de procesamiento del café. Métodos varían según regiones y climas predominantes.]]>
  </ArticlePageSummary>
  <ArticlePageTeaser>
    <![CDATA[[{"Identifier":"e07114f8-dd0b-47ed-9cee-1d5c1404835a"}]]]>
  </ArticlePageTeaser>
  <ArticlePageText>
    <![CDATA[<p id="isPasted">Antes de que una planta de café madura se transforme en una deliciosa taza sobre tu mesa, atraviesa un largo viaje. Un viaje lleno de posibles desafíos, que usualmente influencian negativamente el sabor final del café. Lo que sale mal al principio no se puede corregir al final.</p><p>El carácter y sabor de un café están influenciados en gran medida por su origen, clima, la calidad y tipo de suelo y las variedades botánicas de la planta de café.</p><p>Los dos últimos eslabones de la cadena, la tostaduría y el barista, no pueden, de ninguna manera, mejorar el sabor del café. Se les deja la difícil tarea de aprovechar al máximo su potencial.</p><p>Sin embargo, los agricultores tienen a su disposición herramientas para mejorar el sabor "incorporado" del café. Estos son principalmente los métodos para quitar la piel multicapa de los granos de café.</p><p>Se suelen mencionar dos, a veces tres métodos básicos: Procesado húmedo (Totalmente lavado), Procesado seco (Natural) y Pulped-Natural (Semi-lavado).</p><p>El procesado seco, siendo el menos económicamente demandante, solía ser el método más utilizado. Ahora, los granos más exclusivos suelen procesarse utilizando los métodos húmedo y pulped-natural. Esto se debe a la calidad y limpieza de los granos, así como a la velocidad de todo el proceso.</p><p>El procesamiento húmedo elimina la cereza de sus capas y pulpa mediante fermentación en agua. El exocarpio se retira de las cerezas justo después de la cosecha utilizando despelonadoras mecánicas circulares y de tambor. Luego, pasan de 6 a 72 horas en tanques de fermentación llenos de agua.</p><p>En el tanque, los microorganismos se encargan de la pulpa (mesocarpio). La duración del proceso está determinada por la pegajosidad de los granos. Dejar los granos en el tanque de fermentación durante demasiado tiempo produce los llamados granos "traviesos". Estos son granos que se han quedado pegados en el tanque y su estado rancio y pútrido pone en peligro todo el lote.</p><p>Los niveles constantemente crecientes de ácido acético también pueden afectar el sabor del café con tonos fermentados e incluso vinagrosos una vez que ha sido tostado. El principal aspecto negativo del procesamiento húmedo es la cantidad de agua que debe utilizarse. Esto es hasta 40m3 (40000 litros) de agua, que debe ser descargada continuamente y se debe bombear agua limpia al tanque. El vertido de agua contaminada a menudo deprecia los suministros de agua que se encuentran debajo de la finca cafetalera.</p><p>El método seco, considerado el más tradicional y el menos costoso, utiliza el secado al sol. Las cerezas a menudo se secan al sol en patios de concreto, colinas etíopes y, a veces, incluso en los propios arbustos.</p><p>Las cerezas deben secarse al sol directamente después de la cosecha para evitar una fermentación no deseada. Los granos extendidos deben estar en capas uniformes y no a 6 pulgadas (15 cm) de altura. Los agricultores voltean las semillas manualmente o con el uso de tractores.</p><p>Durante la fermentación en seco, los azúcares viajan, por ósmosis, desde la pulpa hacia los granos. Esto da como resultado un café más corpulento y añade tonos más dulces al sabor, en comparación con el café procesado en húmedo. Sin embargo, esto a menudo viene a expensas de una taza más contaminada.</p><p>Una vez que los granos de café alcanzan aproximadamente un 11% de humedad, las capas de la piel y la pulpa pueden ser removidas usando despelonadoras mecánicas. Alcanzar la humedad deseada lleva entre 10 y 30 días. Esto es un factor importante, especialmente en climas inestables, donde los secadores automáticos a menudo reemplazan el proceso tradicional de secado al sol.</p><p>Ahora es el momento del "reposo", un tiempo de descanso, en el cual los granos permanecen en un pergamino durante 30-60 días.</p><p>El tercer método, popular principalmente en Brasil, es el llamado Pulped-Natural o método Semi-Lavado para procesar los granos. Solo se elimina la capa superior de la piel de la cereza en un baño de agua. El resto del proceso, incluida la fermentación de los azúcares y la separación de la pulpa del grano, lo realiza el secado al sol. Este método, al igual que el método seco, depende en gran medida del clima, que debe ser consistente para que los agricultores puedan secar los granos a fondo.</p><p>Este proceso produce granos corpulentos con baja acidez. Se producen menos ácidos alifáticos, lo que tiene un impacto negativo en el aroma del café.</p>]]>
  </ArticlePageText>
  <ArticleRelatedPages>
    <![CDATA[[{"Identifier":"d5d28908-d403-4f6d-ab5a-d7758b43dbf2"},{"Identifier":"b69db6f4-355b-4e5a-917b-541fba602213"},{"Identifier":"283f6888-603d-4e21-aeee-86da21efc6d4"}]]]>
  </ArticleRelatedPages>
  <ArticleTitle>
    <![CDATA[Técnicas de procesamiento del café]]>
  </ArticleTitle>
  <ContentItemDataCommonDataID>
    <GUID>12973114-c846-4534-a995-cf5305850aac</GUID>
    <ObjectType>cms.contentitemcommondata</ObjectType>
    <Parent>
      <CodeName>CoffeeProcessingTechniques-vnl8fs1k</CodeName>
      <GUID>69a5c969-8e18-4b57-a9cd-7ce089d0d059</GUID>
      <ObjectType>cms.contentitem</ObjectType>
    </Parent>
  </ContentItemDataCommonDataID>
  <ContentItemDataGUID>a5566c1a-63b1-48ee-96cc-2eb3ae870233</ContentItemDataGUID>
</contentitemdata.dancinggoat.articlepage>