﻿<?xml version="1.0" encoding="utf-8"?>
<contentitemdata.dancinggoat.navigationitem>
  <ContentItemDataCommonDataID>
    <GUID>42e4c522-8f05-427b-937d-3d8788fdb026</GUID>
    <ObjectType>cms.contentitemcommondata</ObjectType>
    <Parent>
      <CodeName>Grinders-znw6k3q1</CodeName>
      <GUID>f95577fc-3c69-4868-a4da-6cb75f71e55c</GUID>
      <ObjectType>cms.contentitem</ObjectType>
    </Parent>
  </ContentItemDataCommonDataID>
  <ContentItemDataGUID>59149b00-4670-4ff7-9e8a-836b2de14b78</ContentItemDataGUID>
  <NavigationItemLink>
    <![CDATA[[{"WebPageGuid":"cb00d527-41f3-4f99-8231-2404951c3683"}]]]>
  </NavigationItemLink>
  <NavigationItemName>Grinders</NavigationItemName>
</contentitemdata.dancinggoat.navigationitem>