﻿<?xml version="1.0" encoding="utf-8"?>
<contentitemdata.dancinggoat.articlepage>
  <ArticlePagePublishDate>2023-09-08 22:00:00Z</ArticlePagePublishDate>
  <ArticlePageSummary>
    <![CDATA[Learn about the techniques of processing the products of coffee plants. Different methods are used in different parts of the world depending mainly on their weather conditions.]]>
  </ArticlePageSummary>
  <ArticlePageTeaser>
    <![CDATA[[{"Identifier":"e07114f8-dd0b-47ed-9cee-1d5c1404835a"}]]]>
  </ArticlePageTeaser>
  <ArticlePageText>
    <![CDATA[<p id="isPasted">Before a ripe coffee plant transforms into a delicious cup lying on your table, it undergoes quite a journey. A journey full of possible pitfalls, which can, usually negatively, influence the coffee’s final taste. What goes wrong at the very beginning cannot be made up for at the very end.</p><p>The character and taste of a coffee are largely influenced by its origin, climate, the quality and type of soil and the botanical varieties of the coffee plant.</p><p>The last two links of the chain—the roastery and the barista—cannot, in any way, improve the taste of the coffee. They are left with the difficult task of making the most its potential.</p><p>The farmers themselves, however, have at their disposal tools for enhancing the ‘ingrown’ taste of the coffee. These are mainly the methods of removing the multilayered skin of the coffee beans. &nbsp;</p><p>Two, sometimes three basic methods are usually referred to. Wet-Processed (Fully-Washed), Dry-Processed (Natural) and Pulped-Natural (Semi-Washed).</p><p>Dry processing, being the least economically demanding, used to be the most widely used of the methods. More exclusive beans are now usually processed using the wet and pulped-natural processing. This is due to the quality and cleanliness of the beans, as well as the speed of the whole process.</p><p>Wet processing rids the cherry of its layers and pulp by water fermentation. The exocarp is removed from the cherries directly after the harvest using circular and drum mechanical peelers. Afterwards, they spend 6-72 hours in water-filled fermentation tanks.</p><p>In the tank, microorganisms take care of the pulp (mesocarp). The length of the process is determined by the stickiness of the beans. Leaving beans in the fermentation tank for too long produces the so-called ‘naughty’ beans. These are often beans that have stuck in the tank and their rancid and putrid state endangers the whole batch.</p><p>The constantly rising levels of acetic acid are also able to impact the taste of the coffee with fermented and even vinegarish tones once it’s been roasted. The main negative aspect of wet processing is the amount of water that has to be used. This is up to 40m3 (40000 liters) of water, that have to be continuously dumped and new, clean water has to be put pumped into the tank. The dumping of contaminated water often depreciates the water supplies laying underneath the coffee farm.</p><p>The dry method, considered the most traditional and the least costly, makes use of sun-drying. Cherries are often sundried on concrete courtyards, Ethiopian hilltops, and sometimes even on the very shrubs.</p><p>Cherries need to be sundried directly after the harvest to avoid unwanted fermentation. The laid out beans need to be layered evenly and not 6 inches (15cm) in height. Farmers turn the seeds over both manually or with the use of tractors.</p><p>During the dry fermentation, the sugars travel, via osmosis, from the pulp into the beans. This makes for more full-bodied coffee and adds sweeter tones to the taste, as compared to wet processed coffee. This often comes at the cost of a more polluted cup.</p><p>Once the coffee beans reach some 11 % humidity, the peel layers and pulp can be removed using mechanical peelers. &nbsp;Reaching the desired humidity takes anywhere between 10 and 30 days. This is an important factor, especially in unstable climates, where automatic driers often replace the traditional sun drying process.</p><p>Now’s the time for ‘reposo’, a resting time, in which the beans lay in a parchment for 30-60 days.</p><p>The third method, popular primarily in Brazil, is the so-called Pulped-Natural or Semi-Washed way of processing beans. Only the top layer of the cherry peel is removed in a water bath. The rest of the process, including the sugar fermentation and the separation of the pulp from the bean, are taken care of by sun drying. This method, just like the dry method, is highly dependent on the weather, which has to be consistent for the farmers to be able to dry the beans thoroughly.</p><p>This process yields full-bodied beans with low-acidity. Less aliphatic acids are produced, which has a negative impact on the aroma of the coffee.</p>]]>
  </ArticlePageText>
  <ArticleRelatedPages>
    <![CDATA[[{"Identifier":"d5d28908-d403-4f6d-ab5a-d7758b43dbf2"},{"Identifier":"b69db6f4-355b-4e5a-917b-541fba602213"},{"Identifier":"b0c28347-59f4-450a-aded-eb533ee41431"}]]]>
  </ArticleRelatedPages>
  <ArticleTitle>Coffee processing techniques</ArticleTitle>
  <ContentItemDataCommonDataID>
    <GUID>1d1fe600-a580-4a45-bd7d-8c43c647adf3</GUID>
    <ObjectType>cms.contentitemcommondata</ObjectType>
    <Parent>
      <CodeName>CoffeeProcessingTechniques-vnl8fs1k</CodeName>
      <GUID>69a5c969-8e18-4b57-a9cd-7ce089d0d059</GUID>
      <ObjectType>cms.contentitem</ObjectType>
    </Parent>
  </ContentItemDataCommonDataID>
  <ContentItemDataGUID>13317c85-5700-4c59-bc4e-aa3d80ad4325</ContentItemDataGUID>
</contentitemdata.dancinggoat.articlepage>