﻿<?xml version="1.0" encoding="utf-8"?>
<contentitemdata.dancinggoat.productpage>
  <ContentItemDataCommonDataID>
    <GUID>7f970a84-cc22-4dbe-b22c-e4891486ed4d</GUID>
    <ObjectType>cms.contentitemcommondata</ObjectType>
    <Parent>
      <CodeName>PanamaLosLajonesHoney-m7glabz6</CodeName>
      <GUID>c146ac8f-96b7-4400-b4d8-9b07cf1f3c15</GUID>
      <ObjectType>cms.contentitem</ObjectType>
    </Parent>
  </ContentItemDataCommonDataID>
  <ContentItemDataGUID>326f5d42-fe17-49b3-9065-5abf7f24b2af</ContentItemDataGUID>
  <ProductPageProduct>
    <![CDATA[[{"Identifier":"e5658fcf-6164-4659-b3bb-be2398206294"}]]]>
  </ProductPageProduct>
</contentitemdata.dancinggoat.productpage>