﻿<?xml version="1.0" encoding="utf-8"?>
<contentitemdata.dancinggoat.productpage>
  <ContentItemDataCommonDataID>
    <GUID>59dab289-8500-4c50-866d-c1a26af7e16c</GUID>
    <ObjectType>cms.contentitemcommondata</ObjectType>
    <Parent>
      <CodeName>PorlexTallCeramicBurrGrinder-bgcfci0e</CodeName>
      <GUID>a640288c-9fd9-4fb7-b865-36c660a1456f</GUID>
      <ObjectType>cms.contentitem</ObjectType>
    </Parent>
  </ContentItemDataCommonDataID>
  <ContentItemDataGUID>b406a3c5-370b-478f-9ba0-db910555cab1</ContentItemDataGUID>
  <ProductPageProduct>
    <![CDATA[[{"Identifier":"9e067ec4-850b-4020-82d2-ede11ea21bc0"}]]]>
  </ProductPageProduct>
</contentitemdata.dancinggoat.productpage>