﻿<?xml version="1.0" encoding="utf-8"?>
<contentitemdata.dancinggoat.navigationitem>
  <ContentItemDataCommonDataID>
    <GUID>8c1ae082-2b4b-409c-b6b7-5a08d857be03</GUID>
    <ObjectType>cms.contentitemcommondata</ObjectType>
    <Parent>
      <CodeName>Merchandise-l3sc66jb</CodeName>
      <GUID>a0c4c371-4fcd-4197-be78-a1fd1cc50b8e</GUID>
      <ObjectType>cms.contentitem</ObjectType>
    </Parent>
  </ContentItemDataCommonDataID>
  <ContentItemDataGUID>64598db3-286b-4533-a9e9-3cdfc80e2efb</ContentItemDataGUID>
  <NavigationItemLink>
    <![CDATA[[{"WebPageGuid":"0b72cc84-d9fc-46b7-9a4e-1a2cef527384"}]]]>
  </NavigationItemLink>
  <NavigationItemName>Merchandise</NavigationItemName>
</contentitemdata.dancinggoat.navigationitem>