﻿<?xml version="1.0" encoding="utf-8"?>
<cms.webpageurlpath>
  <WebPageUrlPath>es/Shopping-cart</WebPageUrlPath>
  <WebPageUrlPathContentLanguageID>
    <CodeName>es</CodeName>
    <GUID>fc939370-8f94-4fc9-8cc4-bfdef6ab748c</GUID>
    <ObjectType>cms.contentlanguage</ObjectType>
  </WebPageUrlPathContentLanguageID>
  <WebPageUrlPathGUID>636cb93a-dc31-43d1-95e3-9b4d11f1eabc</WebPageUrlPathGUID>
  <WebPageUrlPathHash>
    <![CDATA[674537F0C80C4FA90B9DD621D70650B55B8EDAA05C1B53104D5BDBC89F6AD8C2]]>
  </WebPageUrlPathHash>
  <WebPageUrlPathIsCanonical>True</WebPageUrlPathIsCanonical>
  <WebPageUrlPathIsDraft>False</WebPageUrlPathIsDraft>
  <WebPageUrlPathIsLatest>True</WebPageUrlPathIsLatest>
  <WebPageUrlPathType>0</WebPageUrlPathType>
  <WebPageUrlPathWebPageItemID>
    <CodeName>ShoppingCart-61vwdwtj</CodeName>
    <GUID>17f97718-184e-4e9d-97e6-8f7cd6d1fcc8</GUID>
    <ObjectType>cms.webpageitem</ObjectType>
  </WebPageUrlPathWebPageItemID>
  <WebPageUrlPathWebsiteChannelID>
    <GUID>55e3ae4b-3843-46b8-95d5-79611c371d6f</GUID>
    <ObjectType>cms.websitechannel</ObjectType>
    <Parent>
      <CodeName>DancingGoatPages</CodeName>
      <GUID>c430f96d-bd56-4448-b6ab-bce41a58f186</GUID>
      <ObjectType>cms.channel</ObjectType>
    </Parent>
  </WebPageUrlPathWebsiteChannelID>
</cms.webpageurlpath>