﻿<?xml version="1.0" encoding="utf-8"?>
<contentitemdata.dancinggoat.productpage>
  <ContentItemDataCommonDataID>
    <GUID>bb8b064b-d7bd-4532-a1f7-e5a45a9646d2</GUID>
    <ObjectType>cms.contentitemcommondata</ObjectType>
    <Parent>
      <CodeName>HarioSkertonHandGrinder-alehmcfl</CodeName>
      <GUID>1c94179d-64ba-4f0b-9dec-8401cf2ac565</GUID>
      <ObjectType>cms.contentitem</ObjectType>
    </Parent>
  </ContentItemDataCommonDataID>
  <ContentItemDataGUID>7b97d463-a663-4254-a8c9-920044c51abf</ContentItemDataGUID>
  <ProductPageProduct>
    <![CDATA[[{"Identifier":"a9689fb8-e06f-4363-9aa1-b5c1b427a0ee"}]]]>
  </ProductPageProduct>
</contentitemdata.dancinggoat.productpage>